time,high,low,open,volumefrom,volumeto,close
2020-03-01,8776.71,8443.57,8545.45,25550.31,219324311.08,8549.38
2020-03-02,8983.78,8521.79,8549.38,33004.6,290280969.41,8919.74
2020-03-03,8940.69,8680.57,8919.74,28648.83,252211805.89,8765.68
2020-03-04,8863.91,8690.82,8765.68,22115.34,194233894.05,8773.78
2020-03-05,9179.74,8772.83,8773.78,33760.74,305196274.33,9074.82
2020-03-06,9183.26,9015.35,9074.82,21090.1,192168163.64,9160.39
2020-03-07,9225.42,8880.33,9160.39,20669.17,187063951.77,8903.72
2020-03-08,8920.28,8033.06,8903.72,63231.33,533371350.28,8057.67
2020-03-09,8200.82,7664.34,8057.67,86700.45,682781069.24,7944.4
2020-03-10,8165.09,7758.12,7944.4,53646.28,427332546.47,7894.66
2020-03-11,7998.79,7614.48,7894.66,47596.23,372704355.27,7945.36
2020-03-12,7984.16,4736.21,7945.36,286243.45,1769476928.68,4916.78
2020-03-13,5984.55,3948.92,4916.78,319316.54,1663092005.9,5632.58
2020-03-14,5665.57,5069.29,5632.58,87978.27,474539626.45,5181.77
2020-03-15,5961.78,5114.06,5181.77,105160.64,568696762.62,5357.02
2020-03-16,5364.93,4454.22,5357.02,203116.86,996661883.31,5045.0
2020-03-17,5561.43,4950.9,5045.0,116314.49,618671971.75,5337.66
2020-03-18,5451.02,5024.71,5337.66,109210.96,576456805.62,5413.06
2020-03-19,6418.99,5268.33,5413.06,147007.71,868668216.67,6184.88
2020-03-20,6932.04,5691.69,6184.88,148232.44,947038097.64,6206.44
2020-03-21,6459.65,5876.79,6206.44,67262.29,415771088.67,6195.43
2020-03-22,6415.14,5750.68,6195.43,75451.24,457211401.95,5828.15
2020-03-23,6614.56,5703.64,5828.15,107692.99,667919370.22,6503.53
2020-03-24,6857.49,6406.64,6503.53,105151.69,700444488.16,6767.18
2020-03-25,6980.29,6483.0,6767.18,84721.04,566264216.07,6694.21
2020-03-26,6796.12,6539.61,6694.21,45203.7,302121295.09,6757.95
2020-03-27,6876.97,6312.53,6757.95,57134.12,381303011.52,6382.8
2020-03-28,6384.56,6051.23,6382.8,60814.06,378476570.98,6252.49
2020-03-29,6286.96,5882.2,6252.49,47232.21,286789900.17,5882.2
2020-03-30,6616.94,5874.8,5882.2,70623.69,445848282.11,6403.31
2020-03-31,6531.66,6350.61,6403.31,36169.65,233613490.19,6423.61
2020-04-01,6716.04,6168.0,6423.61,59228.61,377164250.74,6663.63
2020-04-02,7245.15,6585.75,6663.63,93059.32,635319847.54,6804.42
2020-04-03,7044.01,6618.82,6804.42,55578.32,379639119.54,6743.68
2020-04-04,7010.45,6671.05,6743.68,33774.99,230044243.33,6875.95
2020-04-05,6910.39,6689.07,6875.95,26776.41,182019861.58,6781.64
2020-04-06,7359.05,6779.91,6781.64,78676.82,560075869.57,7347.22
2020-04-07,7462.51,7084.52,7347.22,70648.16,516422836.71,7201.57
2020-04-08,7425.85,7157.96,7201.57,60952.77,445330043.76,7367.37
2020-04-09,7374.01,7124.88,7367.37,44071.93,321287689.9,7294.55
2020-04-10,7304.8,6757.67,7294.55,63355.47,440132415.16,6876.49
2020-04-11,6956.27,6785.52,6876.49,24917.32,171352839.69,6887.6
2020-04-12,7199.97,6802.16,6887.6,42382.58,297514761.29,6913.76
2020-04-13,6913.76,6612.34,6913.76,63091.4,426458894.19,6859.43
2020-04-14,6986.75,6773.97,6859.43,44630.96,307409556.74,6879.44
2020-04-15,6937.49,6614.79,6879.44,49708.81,336722796.75,6629.54
2020-04-16,7207.11,6487.08,6629.54,98809.08,685621725.46,7114.55
2020-04-17,7155.17,7005.79,7114.55,45840.75,324325510.78,7037.12
2020-04-18,7304.35,7028.43,7037.12,35919.74,258251102.86,7264.29
2020-04-19,7276.84,7072.33,7264.29,29493.83,211422409.66,7132.88
2020-04-20,7225.23,6770.07,7132.88,64707.0,452319848.99,6842.45
2020-04-21,6948.78,6779.51,6842.45,44531.91,305844254.34,6855.11
2020-04-22,7165.43,6831.44,6855.11,43780.72,308254465.67,7135.41
2020-04-23,7731.56,7041.2,7135.41,81106.87,599195847.97,7489.25
2020-04-24,7607.28,7408.35,7489.25,51734.5,389027134.45,7509.44
2020-04-25,7708.4,7445.98,7509.44,30165.48,227962632.37,7546.92
2020-04-26,7705.3,7497.88,7546.92,33092.14,251857766.26,7701.35
2020-04-27,7790.33,7639.98,7701.35,48551.15,374439201.77,7787.41
2020-04-28,7791.85,7671.26,7787.41,38507.32,297442241.62,7760.32
2020-04-29,8952.44,7733.02,7760.32,157978.19,1324299206.24,8784.96
2020-04-30,9460.77,8416.64,8784.96,161267.28,1439132256.65,8637.56
2020-05-01,9066.47,8631.39,8637.56,70407.63,620133839.66,8829.12
2020-05-02,9013.29,8768.81,8829.12,36139.66,321429140.42,8981.11
2020-05-03,9197.48,8735.78,8981.11,59476.78,534161419.79,8907.19
2020-05-04,8968.9,8537.49,8907.19,64835.52,568639005.2,8881.65
2020-05-05,9119.13,8781.58,8881.65,60185.36,538111122.64,9029.75
2020-05-06,9408.99,8924.06,9029.75,88912.83,818515486.36,9153.2
2020-05-07,10064.33,9042.52,9153.2,125991.41,1213223439.69,9999.93
2020-05-08,10041.73,9728.64,9999.93,91540.3,907665361.58,9808.18
2020-05-09,9912.22,9525.77,9808.18,59814.44,580103588.21,9541.13
2020-05-10,9556.85,8228.22,9541.13,133597.2,1159765920.88,8735.05
2020-05-11,9164.84,8228.58,8735.05,144898.27,1259789388.45,8568.88
2020-05-12,8975.74,8541.95,8568.88,66073.43,580579256.62,8821.18
2020-05-13,9407.67,8807.57,8821.18,68248.72,622255318.55,9317.44
2020-05-14,9937.97,9263.29,9317.44,97176.37,936692997.58,9793.19
2020-05-15,9841.71,9149.13,9793.19,84280.62,798930933.92,9311.69
2020-05-16,9584.9,9224.32,9311.69,37023.76,348262438.61,9387.08
2020-05-17,9885.55,9334.23,9387.08,52271.64,505834872.59,9670.56
2020-05-18,9943.74,9476.37,9670.56,62325.78,606235218.3,9722.73
2020-05-19,9890.69,9471.96,9722.73,60720.68,587660019.81,9780.2
2020-05-20,9832.94,9323.82,9780.2,61892.78,593918718.08,9509.45
2020-05-21,9566.81,8811.54,9509.45,87116.97,798218781.95,9059.11
2020-05-22,9265.04,8936.82,9059.11,44400.9,405255700.32,9170.74
2020-05-23,9311.34,9101.08,9170.74,23636.66,217819517.42,9186.19
2020-05-24,9307.11,8707.14,9186.19,45736.61,412753415.47,8718.49
2020-05-25,8977.43,8639.46,8718.49,43894.32,386241517.98,8901.48
2020-05-26,9011.53,8705.66,8901.48,39855.17,352930782.24,8844.5
2020-05-27,9222.3,8820.55,8844.5,42022.36,381475134.6,9204.62
2020-05-28,9619.34,9112.3,9204.62,56625.62,530613444.11,9579.71
2020-05-29,9601.43,9344.8,9579.71,40183.32,379875666.16,9424.62
2020-05-30,9735.73,9340.45,9424.62,24640.28,235049817.45,9699.78
2020-05-31,9703.51,9400.25,9699.78,22242.38,212143031.97,9450.47
2020-06-01,10359.02,9421.6,9450.47,44485.42,435270237.66,10211.23
2020-06-02,10232.25,9344.53,10211.23,82606.91,812990990.27,9523.75
2020-06-03,9666.25,9408.56,9523.75,33114.73,316212538.78,9666.06
2020-06-04,9877.89,9470.9,9666.06,43080.32,418578381.27,9794.55
2020-06-05,9846.54,9611.19,9794.55,41806.08,406449067.36,9622.02
2020-06-06,9728.4,9536.15,9622.02,22979.04,221180782.78,9671.46
2020-06-07,9806.21,9410.33,9671.46,39020.91,374577294.36,9750.7
2020-06-08,9801.19,9658.72,9750.7,32766.08,318606275.83,9782.58
2020-06-09,9884.83,9604.13,9782.58,38753.41,376816490.4,9779.7
2020-06-10,9990.4,9708.63,9779.7,40206.35,395005942.58,9891.84
2020-06-11,9970.77,9093.42,9891.84,86717.5,827582593.73,9268.13
2020-06-12,9548.13,9238.24,9268.13,40820.42,384322097.92,9464.23
2020-06-13,9492.0,9363.89,9464.23,16597.62,156509665.57,9474.65
2020-06-14,9479.56,9251.02,9474.65,19334.41,181308843.48,9333.7
2020-06-15,9498.69,8909.5,9333.7,66872.84,616170633.01,9429.65
2020-06-16,9585.17,9383.33,9429.65,39887.07,378768702.55,9526.7
2020-06-17,9550.06,9243.06,9526.7,34516.51,325191529.46,9459.13
2020-06-18,9480.04,9276.18,9459.13,25143.4,236301644.47,9380.67
2020-06-19,9419.99,9239.58,9380.67,31669.73,295439171.8,9301.83
2020-06-20,9394.04,9179.1,9301.83,19608.75,182464228.19,9359.18
2020-06-21,9418.22,9282.53,9359.18,13199.69,123480945.26,9292.81
2020-06-22,9774.79,9283.26,9292.81,41271.48,393567343.68,9691.61
2020-06-23,9720.11,9580.47,9691.61,30724.93,296221140.11,9624.3
2020-06-24,9664.38,9206.05,9624.3,49186.2,461570781.81,9292.94
2020-06-25,9335.65,9000.53,9292.94,47297.43,435446758.27,9241.32
2020-06-26,9289.32,9041.42,9241.32,40519.91,371373315.29,9158.07
2020-06-27,9190.27,8867.34,9158.07,28152.32,254990739.33,9007.14
2020-06-28,9189.74,8946.05,9007.14,19775.94,179558602.81,9120.39
2020-06-29,9234.33,9026.42,9120.39,31119.19,283764928.26,9187.07
2020-06-30,9200.99,9068.77,9187.07,23376.63,213905502.74,9136.47
2020-07-01,9299.67,9097.33,9136.47,29846.4,274835041.39,9238.89
2020-07-02,9267.84,8954.67,9238.89,37657.49,343433369.43,9092.8
2020-07-03,9127.05,9047.38,9092.8,21807.46,198428092.21,9066.46
2020-07-04,9195.91,9052.4,9066.46,16185.04,147598290.89,9142.2
2020-07-05,9152.87,8935.9,9142.2,17548.22,159006413.09,9081.44
2020-07-06,9372.09,9067.64,9081.44,36844.23,340664721.17,9347.05
2020-07-07,9378.69,9208.31,9347.05,25836.94,239497399.36,9257.32
2020-07-08,9471.65,9236.9,9257.32,37422.23,350318105.76,9439.2
2020-07-09,9441.67,9171.37,9439.2,30177.18,280648694.08,9238.95
2020-07-10,9317.31,9128.71,9238.95,24422.31,224680670.05,9288.57
2020-07-11,9302.22,9188.13,9288.57,11785.42,108899834.63,9237.13
2020-07-12,9339.99,9169.13,9237.13,16385.5,151649367.79,9300.95
2020-07-13,9336.42,9201.18,9300.95,25872.33,240081841.21,9237.89
2020-07-14,9279.57,9109.7,9237.89,25865.27,238308476.7,9256.07
2020-07-15,9272.57,9160.89,9256.07,23480.12,216386874.26,9193.22
2020-07-16,9216.53,9029.17,9193.22,27882.77,254255550.28,9133.23
2020-07-17,9183.08,9080.61,9133.23,20542.6,187710134.42,9156.79
2020-07-18,9205.94,9125.92,9156.79,11952.82,109563331.59,9177.22
2020-07-19,9238.3,9113.41,9177.22,12797.83,117297958.15,9216.02
2020-07-20,9224.76,9136.9,9216.02,18729.9,171877002.63,9164.42
2020-07-21,9435.55,9162.25,9164.42,34505.35,337645738.93,9392.83
2020-07-22,9551.87,9289.85,9392.83,29959.04,281661129.12,9537.24
2020-07-23,9675.5,9458.25,9537.24,43462.72,415079930.39,9615.21
2020-07-24,9647.83,9477.19,9615.21,33810.92,323092524.09,9550.23
2020-07-25,9744.72,9536.76,9550.23,24211.0,233301043.7,9708.41
2020-07-26,10140.55,9659.08,9708.41,42161.94,417337407.31,9942.01
2020-07-27,11397.48,9935.51,9942.01,128836.3,1363674374.42,11042.94
2020-07-28,11253.39,10590.98,11042.94,85478.78,938667838.04,10933.26
2020-07-29,11348.53,10854.04,10933.26,61949.48,689206497.21,11112.04
2020-07-30,11182.76,10875.14,11112.04,45655.22,503563543.58,11113.66
2020-07-31,11454.11,10981.87,11113.66,54108.77,608151203.91,11352.72
2020-08-01,11874.77,11240.98,11352.72,63746.48,741252933.72,11812.42
2020-08-02,12106.89,10694.22,11812.42,63507.01,721639453.44,11063.5
2020-08-03,11476.29,10945.66,11063.5,42060.85,473995003.36,11234.73
2020-08-04,11415.16,11021.07,11234.73,35052.44,393301819.23,11194.18
2020-08-05,11791.62,11095.47,11194.18,48146.58,555395574.17,11752.05
2020-08-06,11909.81,11577.8,11752.05,49916.86,587033759.68,11771.27
2020-08-07,11912.62,11350.42,11771.27,55865.16,651142052.53,11603.82
2020-08-08,11811.4,11534.87,11603.82,23238.62,271582305.12,11770.77
2020-08-09,11802.93,11533.93,11770.77,19874.64,231830330.42,11686.34
2020-08-10,12074.31,11640.41,11686.34,56105.27,667803525.71,11897.41
2020-08-11,11940.4,11138.6,11897.41,62677.5,724227264.93,11389.01
2020-08-12,11621.05,11182.8,11389.01,37568.86,430758054.54,11570.19
2020-08-13,11795.34,11284.57,11570.19,42205.26,487564726.98,11790.68
2020-08-14,11863.43,11657.2,11790.68,37248.83,437825096.08,11774.52
2020-08-15,11981.62,11697.88,11774.52,31094.75,369258184.57,11860.91
2020-08-16,11934.96,11701.22,11860.91,22029.01,260716863.02,11917.97
2020-08-17,12474.73,11775.66,11917.97,56064.01,682170133.05,12301.19
2020-08-18,12397.4,11855.24,12301.19,49904.68,604246043.52,11956.69
2020-08-19,12021.8,11592.2,11956.69,50094.06,590122894.96,11760.37
2020-08-20,11888.72,11679.03,11760.37,43209.58,510502416.84,11863.43
2020-08-21,11882.67,11494.52,11863.43,63548.27,745059089.73,11527.35
2020-08-22,11686.02,11379.06,11527.35,49538.11,572197825.57,11670.42
2020-08-23,11713.62,11521.6,11670.42,33405.25,388308826.36,11651.52
2020-08-24,11827.45,11594.64,11651.52,39119.97,459366140.6,11756.4
2020-08-25,11767.64,11130.36,11756.4,50836.08,583786229.48,11330.56
2020-08-26,11542.65,11259.23,11330.56,27168.29,309986442.65,11466.89
2020-08-27,11591.64,11135.52,11466.89,40978.91,464957172.93,11331.02
2020-08-28,11553.81,11289.07,11331.02,30815.36,353027933.9,11535.21
2020-08-29,11585.98,11433.8,11535.21,16305.87,187746012.8,11480.48
2020-08-30,11718.98,11470.07,11480.48,16398.78,190649396.2,11716.54
2020-08-31,11775.27,11586.36,11716.54,26331.03,307926585.75,11657.81
2020-09-01,12062.06,11540.42,11657.81,45202.86,537292263.85,11926.69
2020-09-02,11954.28,11219.19,11926.69,53717.87,618129314.2,11397.9
2020-09-03,11469.2,10017.43,11397.9,82662.97,894736678.62,10174.62
2020-09-04,10638.71,10020.02,10174.62,54204.6,562742223.01,10467.33
2020-09-05,10570.95,9880.05,10467.33,60292.64,614402772.13,10167.97
2020-09-06,10361.12,10019.56,10167.97,29450.0,300644746.65,10260.37
2020-09-07,10411.92,9893.68,10260.37,41648.61,422137373.09,10379.08
2020-09-08,10443.72,9855.68,10379.08,54770.65,553186747.41,10128.54
2020-09-09,10349.09,9989.63,10128.54,33984.18,346738492.44,10228.85
2020-09-10,10493.32,10221.37,10228.85,43679.85,452098495.16,10345.68
2020-09-11,10412.6,10215.49,10345.68,25800.65,266084892.24,10398.5
2020-09-12,10486.76,10282.43,10398.5,17704.47,184001054.5,10448.0
2020-09-13,10578.97,10224.4,10448.0,28905.77,299956975.1,10332.36
2020-09-14,10753.33,10259.62,10332.36,34032.31,359274837.28,10678.31
2020-09-15,10936.89,10632.26,10678.31,34224.45,369481767.48,10786.7
2020-09-16,11094.7,10670.02,10786.7,34093.35,372894154.99,10957.1
2020-09-17,11047.25,10755.99,10957.1,26980.75,293584349.54,10945.14
2020-09-18,11040.66,10823.93,10945.14,22774.38,248821618.73,10937.89
2020-09-19,11173.88,10898.63,10937.89,17491.35,193207449.76,11083.61
2020-09-20,11083.9,10775.23,11083.61,21791.13,237773866.86,10921.85
2020-09-21,10992.25,10319.73,10921.85,44906.88,473754186.1,10418.14
2020-09-22,10576.92,10365.99,10418.14,28764.85,301280976.85,10534.73
2020-09-23,10546.48,10166.62,10534.73,26680.48,277589382.46,10238.09
2020-09-24,10792.17,10213.75,10238.09,29020.54,304956298.0,10742.98
2020-09-25,10762.38,10562.14,10742.98,33843.79,360929423.35,10694.12
2020-09-26,10822.99,10658.15,10694.12,13794.51,148097714.06,10734.23
2020-09-27,10810.35,10612.42,10734.23,13820.35,148127427.26,10781.47
2020-09-28,10951.6,10649.18,10781.47,32269.15,350615325.76,10699.0
2020-09-29,10863.02,10641.03,10699.0,31167.43,334584439.48,10841.29
2020-09-30,10850.12,10666.17,10841.29,29556.58,317604086.65,10779.42
2020-10-01,10926.47,10454.66,10779.42,39457.33,422940486.72,10622.79
2020-10-02,10668.49,10388.07,10622.79,33798.95,355424408.51,10576.64
2020-10-03,10602.28,10507.49,10576.64,10469.92,110570157.37,10552.04
2020-10-04,10699.94,10534.5,10552.04,10487.7,111420779.07,10675.52
2020-10-05,10799.53,10627.77,10675.52,23891.17,255950434.22,10795.11
2020-10-06,10801.66,10533.32,10795.11,30869.62,329346366.4,10603.9
2020-10-07,10679.76,10554.41,10603.9,19601.45,208253472.75,10672.67
2020-10-08,10957.42,10541.2,10672.67,39280.36,423807796.12,10929.4
2020-10-09,11109.32,10839.3,10929.4,32665.61,359802403.01,11058.78
2020-10-10,11485.43,11057.98,11058.78,26181.83,296925751.27,11301.57
2020-10-11,11434.1,11284.09,11301.57,17795.07,202131016.49,11375.51
2020-10-12,11725.28,11223.99,11375.51,41705.77,478557074.68,11539.76
2020-10-13,11561.69,11314.56,11539.76,33529.75,383360256.66,11427.29
2020-10-14,11550.25,11298.88,11427.29,22758.2,259711904.03,11429.3
2020-10-15,11607.59,11269.05,11429.3,33044.49,377801262.9,11508.31
2020-10-16,11545.35,11224.89,11508.31,29300.16,332320579.31,11326.25
2020-10-17,11410.01,11270.69,11326.25,9901.25,112306061.3,11367.65
2020-10-18,11513.68,11357.25,11367.65,11528.41,131886570.58,11513.33
2020-10-19,11821.95,11417.11,11513.33,39224.67,456404609.75,11756.88
2020-10-20,12047.73,11688.39,11756.88,48504.61,576128149.71,11921.78
2020-10-21,13236.39,11900.51,11921.78,103080.18,1296152945.69,12813.11
2020-10-22,13197.69,12700.74,12813.11,57124.85,739591002.3,12990.25
2020-10-23,13031.82,12732.62,12990.25,32269.84,416662855.54,12937.2
2020-10-24,13167.31,12886.47,12937.2,20932.05,273005904.67,13126.13
2020-10-25,13346.7,12910.39,13126.13,28208.48,368884232.62,13041.21
2020-10-26,13241.79,12797.05,13041.21,35322.99,460984686.3,13069.43
2020-10-27,13783.14,13060.64,13069.43,44978.37,603406480.39,13646.02
2020-10-28,13855.57,12906.15,13646.02,32501.89,434942187.78,13285.97
2020-10-29,13643.6,12985.56,13285.97,41497.54,555737562.11,13462.18
2020-10-30,13674.89,13132.53,13462.18,56364.21,756044940.71,13565.95
2020-10-31,14077.8,13432.24,13565.95,43579.77,600104833.89,13803.41
2020-11-01,13897.02,13630.22,13803.41,20841.63,286724152.06,13761.72
2020-11-02,13828.48,13221.65,13761.72,33465.17,453096297.52,13571.24
2020-11-03,14071.54,13300.84,13571.24,21969.7,300271386.78,14023.78
2020-11-04,14258.9,13539.13,14023.78,30406.02,423118194.37,14157.73
2020-11-05,15739.47,14114.37,14157.73,42121.25,625288741.44,15599.92
2020-11-06,15948.88,15219.57,15599.92,34543.56,538014394.46,15590.62
2020-11-07,15765.02,14427.34,15590.62,25695.27,388303730.2,14838.16
2020-11-08,15653.89,14739.11,14838.16,18706.65,285202500.11,15488.25
2020-11-09,15812.23,14833.13,15488.25,32088.79,492570531.42,15335.03
2020-11-10,15476.99,15099.11,15335.03,23031.66,352628988.82,15313.73
2020-11-11,15983.03,15288.76,15313.73,45852.83,717920492.19,15707.08
2020-11-12,16348.99,15476.25,15707.08,67322.57,1074746061.94,16306.53
2020-11-13,16482.62,15975.8,16306.53,42676.28,694320640.17,16332.85
2020-11-14,16334.29,15720.61,16332.85,28331.05,452657737.75,16075.95
2020-11-15,16156.82,15796.03,16075.95,17966.53,286912254.78,15964.7
2020-11-16,16876.48,15877.77,15964.7,41641.22,685608661.41,16721.46
2020-11-17,17857.37,16563.5,16721.46,62123.13,1072294334.69,17681.54
2020-11-18,18466.1,17260.91,17681.54,80691.42,1441862086.0,17786.27
2020-11-19,18172.87,17365.08,17786.27,48224.86,859856045.56,17824.64
2020-11-20,18814.87,17764.07,17824.64,51122.68,939934212.29,18672.78
2020-11-21,18966.12,18359.06,18672.78,37702.81,705040526.65,18704.06
2020-11-22,18757.55,17635.18,18704.06,43464.62,796767991.89,18430.59
2020-11-23,18761.66,18010.51,18430.59,48994.17,902518528.75,18385.74
2020-11-24,19419.49,18117.78,18385.74,74142.3,1403472685.29,19157.16
2020-11-25,19488.81,18519.89,19157.16,59989.48,1141495120.46,18725.76
2020-11-26,18907.31,16270.37,18725.76,129609.34,2220672632.83,17175.86
2020-11-27,17479.12,16462.87,17175.86,61052.47,1034426524.1,17155.0
2020-11-28,17893.95,16895.0,17155.0,34697.03,605284901.68,17739.9
2020-11-29,18347.24,17543.55,17739.9,27161.16,489679989.73,18199.23
2020-11-30,19850.23,18199.03,18199.23,77985.3,1493787961.07,19686.87
2020-12-01,19911.79,18194.17,19686.87,91108.23,1743191338.61,18792.03
2020-12-02,19337.16,18350.0,18792.03,47787.81,903817773.96,19226.19
2020-12-03,19608.49,18888.12,19226.19,38699.87,747088833.15,19448.44
2020-12-04,19541.62,18603.79,19448.44,42234.35,804366524.28,18665.0
2020-12-05,19178.4,18514.92,18665.0,20517.48,388466883.76,19156.84
2020-12-06,19417.33,18885.88,19156.84,21172.5,405708588.31,19378.94
2020-12-07,19411.51,18909.97,19378.94,24908.46,477334574.93,19181.41
2020-12-08,19295.38,18227.31,19181.41,46151.65,866543428.89,18323.52
2020-12-09,18639.24,17669.15,18323.52,57997.45,1057335071.17,18549.92
2020-12-10,18554.32,17920.56,18549.92,37500.96,684802762.09,18250.47
2020-12-11,18295.1,17598.13,18250.47,45166.17,809318887.79,18034.86
2020-12-12,18948.78,18033.05,18034.86,26150.36,484239535.46,18814.98
2020-12-13,19414.65,18733.67,18814.98,30902.88,592021817.57,19169.05
2020-12-14,19339.6,19001.22,19169.05,23827.71,456841099.92,19274.69
2020-12-15,19553.23,19060.06,19274.69,42331.4,819839290.04,19441.96
2020-12-16,21527.36,19299.86,19441.96,95374.74,1949841494.52,21352.13
2020-12-17,23698.98,21240.41,21352.13,140483.08,3194654467.93,22822.17
2020-12-18,23271.54,22345.87,22822.17,59658.48,1362467582.47,23135.57
2020-12-19,24114.51,22755.03,23135.57,53911.52,1268054141.3,23844.72
2020-12-20,24252.16,23095.72,23844.72,42981.99,1014224949.67,23467.06
2020-12-21,24077.7,22015.91,23467.06,75934.38,1750627321.07,22727.13
2020-12-22,23833.23,22378.26,22727.13,49685.46,1149767378.59,23823.32
2020-12-23,24082.98,22641.37,23823.32,66161.63,1552020951.78,23239.5
2020-12-24,23778.56,22716.45,23239.5,39804.23,923848542.66,23724.2
2020-12-25,24776.64,23417.43,23724.2,49655.15,1199894883.01,24707.98
2020-12-26,26780.61,24494.27,24707.98,62923.13,1611547513.19,26445.7
2020-12-27,28340.08,25805.96,26445.7,91052.09,2463390777.21,26249.27
2020-12-28,27461.63,26085.96,26249.27,52027.49,1402005893.58,27039.45
2020-12-29,27383.6,25864.25,27039.45,55477.49,1479551411.61,27360.78
2020-12-30,28990.2,27360.09,27360.78,70752.88,1993721842.2,28889.61
2020-12-31,29301.67,27957.13,28889.61,66915.03,1924969475.46,28972.4
2021-01-01,29666.33,28748.21,28972.4,50841.73,1487306218.52,29388.94
2021-01-02,33257.29,29036.26,29388.94,119214.75,3750440817.91,32203.64
2021-01-03,34789.34,32010.59,32203.64,93510.99,3132759314.54,33063.48
2021-01-04,33622.7,28493.29,33063.48,124909.68,3901979149.92,32030.55
2021-01-05,34487.44,29985.29,32030.55,93735.47,3037657026.2,34038.29
2021-01-06,36973.76,33404.2,34038.29,108190.73,3788317475.74,36849.86
2021-01-07,40365.87,36340.01,36849.86,124086.76,4753170180.55,39479.41
2021-01-08,41964.96,36640.51,39479.41,118077.27,4705592327.36,40636.24
2021-01-09,41400.48,38783.61,40636.24,55591.28,2241901362.12,40236.66
2021-01-10,41427.88,35283.65,40236.66,103220.32,3983391028.78,38202.08
2021-01-11,38266.42,30308.4,38202.08,240328.0,8100819368.26,35496.03
2021-01-12,36620.28,32522.98,35496.03,115232.53,3999535589.05,34058.4
2021-01-13,37809.67,32405.89,34058.4,91979.17,3198683391.78,37380.85
2021-01-14,40093.43,36751.89,37380.85,74972.21,2895085049.06,39155.58
2021-01-15,39695.43,34396.19,39155.58,89468.27,3288447634.87,36790.17
2021-01-16,37942.44,35395.88,36790.17,54226.28,1995053500.31,36025.26
2021-01-17,36860.67,33854.83,36025.26,50913.3,1806688237.48,35839.51
2021-01-18,37429.24,34784.4,35839.51,43063.97,1554686784.02,36623.04
2021-01-19,37867.53,35917.28,36623.04,48457.45,1787957383.29,35932.79
2021-01-20,36409.96,33519.59,35932.79,66302.02,2316775667.92,35501.38
2021-01-21,35619.6,30067.14,35501.38,125586.98,4042427455.09,30840.3
2021-01-22,33857.39,28817.3,30840.3,109210.12,3418228006.19,33008.02
2021-01-23,33484.73,31430.15,33008.02,39813.32,1287618530.17,32107.29
2021-01-24,33090.99,30957.56,32107.29,33650.76,1079875602.62,32283.66
2021-01-25,34881.18,31937.09,32283.66,59529.49,1989618039.07,32275.27
2021-01-26,32943.69,30853.17,32275.27,59770.06,1909630282.43,32516.52
2021-01-27,32580.05,29236.73,32516.52,102257.23,3149650799.32,30423.05
2021-01-28,33880.92,29905.53,30423.05,76993.1,2463162479.45,33443.87
2021-01-29,38631.5,31996.08,33443.87,169454.57,6015929349.68,34252.08
2021-01-30,34906.15,32858.0,34252.08,46326.31,1574213551.44,34317.82
2021-01-31,34381.7,32214.08,34317.82,35337.11,1176981986.93,33143.22
2021-02-01,34714.34,32340.24,33143.22,48144.6,1623291067.04,33535.94
2021-02-02,36004.47,33459.48,33535.94,51377.38,1789698965.07,35524.43
2021-02-03,37704.8,35413.72,35524.43,63974.93,2340630205.42,37677.34
2021-02-04,38741.89,36199.19,37677.34,73775.45,2767003411.51,36983.42
2021-02-05,38343.92,36626.5,36983.42,45243.69,1705038314.0,38310.24
2021-02-06,40989.11,38247.96,38310.24,66494.6,2642530408.41,39267.01
2021-02-07,39721.59,37408.16,39267.01,53823.4,2076904733.5,38868.82
2021-02-08,46606.82,38063.87,38868.82,138485.21,5944522159.67,46437.41
2021-02-09,48209.59,45051.46,46437.41,98670.48,4610214635.38,46509.57
2021-02-10,47349.86,43743.99,46509.57,72992.8,3326890835.4,44854.95
2021-02-11,48664.81,44032.66,44854.95,72251.82,3377367971.59,48006.18
2021-02-12,48930.99,46243.85,48006.18,59549.61,2831634659.58,47435.54
2021-02-13,48171.46,46291.19,47435.54,33281.25,1571324550.44,47222.32
2021-02-14,49642.39,47096.92,47222.32,37853.59,1841963034.08,48652.87
2021-02-15,49031.74,45910.0,48652.87,52683.57,2502097939.18,47936.51
2021-02-16,50561.53,47068.63,47936.51,66072.59,3237085085.6,49184.63
2021-02-17,52622.68,48967.72,49184.63,67133.49,3423930178.2,52154.91
2021-02-18,52550.6,50874.81,52154.91,42530.26,2205232619.94,51591.61
2021-02-19,56331.09,50766.83,51591.61,72433.44,3893034056.64,55933.47
2021-02-20,57528.16,54140.61,55933.47,52924.57,2974872569.57,55900.84
2021-02-21,58348.75,55516.07,55900.84,33823.01,1934005633.01,57469.95
2021-02-22,57540.74,48194.31,57469.95,130806.33,6995162441.1,54121.17
2021-02-23,54164.35,44983.39,54121.17,165758.08,8016450648.12,48898.7
2021-02-24,51399.55,47015.55,48898.7,74972.28,3729774704.65,49738.17
2021-02-25,52086.34,46728.88,49738.17,73102.42,3643008748.86,47082.87
2021-02-26,48438.38,44153.46,47082.87,90519.05,4204800171.81,46324.5
2021-02-27,48362.8,45063.84,46324.5,39013.78,1831237567.32,46191.39
2021-02-28,46645.9,43061.92,46191.39,62249.5,2776726256.13,45261.03
2021-03-01,49812.2,45058.98,45261.03,65660.6,3146266419.71,49635.07
2021-03-02,50221.14,47097.84,49635.07,43281.84,2105387914.68,48501.21
2021-03-03,52625.39,48176.64,48501.21,51572.27,2615513552.66,50392.55
2021-03-04,51792.65,47516.91,50392.55,61387.71,3024053725.58,48363.74
2021-03-05,49467.19,46311.43,48363.74,60955.82,2907395734.68,48775.37
2021-03-06,49185.32,47099.07,48775.37,25116.42,1214194643.85,48892.8
2021-03-07,51455.54,48892.8,48892.8,32958.26,1658558074.88,50964.18
2021-03-08,52408.08,49341.09,50964.18,48084.28,2445827949.75,52405.02
2021-03-09,54933.93,51888.98,52405.02,53740.22,2898199576.25,54928.7
2021-03-10,57396.59,53054.34,54928.7,70138.56,3898251700.72,55893.31
2021-03-11,58142.77,54314.65,55893.31,59202.98,3340389094.49,57809.41
2021-03-12,58069.58,55089.68,57809.41,54282.31,3079097934.08,57256.22
2021-03-13,61749.15,56103.32,57256.22,57862.75,3439594034.95,61179.79
2021-03-14,61674.66,58980.95,61179.79,34886.85,2105197604.06,58998.89
2021-03-15,60589.17,54857.68,58998.89,75161.15,4297382088.92,55665.01
2021-03-16,56936.04,53269.13,55665.01,62540.93,3441195999.4,56925.01
2021-03-17,58975.28,54156.11,56925.01,62035.71,3493543493.16,58909.0
2021-03-18,60077.79,57022.2,58909.0,54289.71,3178687259.25,57643.32
2021-03-19,59453.32,56283.37,57643.32,41182.41,2397999967.37,58060.21
2021-03-20,59911.7,57837.79,58060.21,28696.46,1687922804.56,58101.34
2021-03-21,58621.34,55635.61,58101.34,34236.52,1958214099.07,57374.95
2021-03-22,58431.44,53795.78,57374.95,51098.9,2865346861.49,54095.36
2021-03-23,55836.27,52984.36,54095.36,44780.24,2444787014.61,54355.45
2021-03-24,57202.53,51685.15,54355.45,62596.16,3420695083.54,52303.02
2021-03-25,53199.52,50406.31,52303.02,69776.36,3617760373.16,51336.09
2021-03-26,55083.9,51275.54,51336.09,46165.63,2461374478.26,55055.43
2021-03-27,56606.78,53991.0,55055.43,27392.29,1514783182.02,55863.73
2021-03-28,56561.55,54717.97,55863.73,24145.77,1345583216.95,55781.01
2021-03-29,58413.9,54910.57,55781.01,51547.9,2950020309.68,57626.1
2021-03-30,59402.27,57055.21,57626.1,35315.45,2064647135.86,58781.54
2021-03-31,59818.5,56918.81,58781.54,46494.48,2727194335.71,58793.8
2021-04-01,59469.45,57949.11,58793.8,28027.66,1648724834.05,58730.82
2021-04-02,60061.51,58458.46,58730.82,29748.03,1765524921.41,58987.8
2021-04-03,59770.87,56958.04,58987.8,25104.9,1470430519.81,57074.97
2021-04-04,58493.73,56493.38,57074.97,19002.99,1093079652.2,58219.43
2021-04-05,59235.68,56833.44,58219.43,24696.26,1439529332.47,59119.56
2021-04-06,59464.31,57369.44,59119.56,26304.15,1535666142.46,58010.35
2021-04-07,58628.19,55467.58,58010.35,50347.59,2855410824.81,55951.98
2021-04-08,58150.23,55711.07,55951.98,25461.84,1458096433.7,58084.46
2021-04-09,58881.94,57694.22,58084.46,21314.29,1241735091.75,58106.85
2021-04-10,61193.5,57885.43,58106.85,38726.18,2322058695.22,59784.8
2021-04-11,60673.37,59218.25,59784.8,20365.62,1218894531.01,59980.45
2021-04-12,61233.29,59421.37,59980.45,31804.9,1913098388.79,59845.76
2021-04-13,63682.32,59811.31,59845.76,52964.84,3299086696.94,63558.48
2021-04-14,64859.81,61312.98,63558.48,64272.96,4066819695.96,62964.27
2021-04-15,63826.89,62038.33,62964.27,34089.46,2146219571.03,63233.03
2021-04-16,63567.11,60048.13,63233.03,57540.3,3544777400.64,61416.41
2021-04-17,62541.21,59712.92,61416.41,34261.66,2093039585.66,60056.07
2021-04-18,60393.33,52785.1,60056.07,112545.94,6264051811.58,56246.82
2021-04-19,57590.64,54291.08,56246.82,48650.49,2732647682.18,55680.11
2021-04-20,57101.05,53429.73,55680.11,55866.75,3091319805.6,56496.06
2021-04-21,56801.94,53640.81,56496.06,41813.35,2312255459.33,53803.25
2021-04-22,55458.61,50519.78,53803.25,84222.11,4488994737.96,51717.61
2021-04-23,52112.75,47495.24,51717.61,105510.21,5241192198.03,51178.03
2021-04-24,51223.86,48769.48,51178.03,33894.94,1695108976.06,50115.99
2021-04-25,50576.4,47073.07,50115.99,44241.37,2176241676.28,49120.97
2021-04-26,54389.71,48843.41,49120.97,61603.5,3254396664.97,54062.29
2021-04-27,55490.94,53357.59,54062.29,40602.56,2220077233.11,55073.48
2021-04-28,56461.55,53886.63,55073.48,42647.15,2339383717.48,54877.94
2021-04-29,55217.24,52399.42,54877.94,43948.76,2359198137.55,53581.58
2021-04-30,57984.34,53089.93,53581.58,48771.0,2719315702.2,57757.97
2021-05-01,58498.65,57057.4,57757.97,26146.3,1511783659.93,57843.16
2021-05-02,57934.82,56092.72,57843.16,21671.56,1230710822.31,56623.51
2021-05-03,58963.84,56531.6,56623.51,41015.04,2371465902.34,57195.07
2021-05-04,57226.81,53108.04,57195.07,64556.47,3556756117.3,53244.07
2021-05-05,57944.11,52978.89,53244.07,56998.25,3200062630.96,57506.88
2021-05-06,58392.76,55299.4,57506.88,50632.92,2878647496.02,56441.94
2021-05-07,58695.29,55311.16,56441.94,42812.69,2439662460.45,57374.33
2021-05-08,59521.69,56985.44,57374.33,37728.82,2211507566.18,58943.13
2021-05-09,59276.99,56350.98,58943.13,45716.87,2645394205.33,58294.18
2021-05-10,59587.03,54239.16,58294.18,71168.05,4067497161.41,55870.01
2021-05-11,56928.37,54490.38,55870.01,42949.94,2395231325.24,56747.52
2021-05-12,58005.44,49182.89,56747.52,74345.74,4035173480.67,49504.08
2021-05-13,51377.99,47029.73,49504.08,119769.29,5919941739.84,49700.6
2021-05-14,51554.66,48910.06,49700.6,42891.66,2156016499.66,49887.96
2021-05-15,50710.05,46606.18,49887.96,53332.47,2591003797.63,46775.29
2021-05-16,49808.83,43918.69,46775.29,79337.9,3693969204.75,46490.71
2021-05-17,46665.19,42130.83,46490.71,134127.17,5896147491.21,43552.14
2021-05-18,45819.36,42309.39,43552.14,71930.7,3159184422.64,42886.02
2021-05-19,43564.34,29925.2,42886.02,290986.06,11120220854.77,36771.87
2021-05-20,42520.03,35009.25,36771.87,139648.53,5531454912.79,40597.4
2021-05-21,42252.07,33552.8,40597.4,120589.87,4573692788.95,37350.39
2021-05-22,38841.92,35287.71,37350.39,74964.98,2808008188.27,37491.5
2021-05-23,38304.55,31157.18,37491.5,131584.71,4494413873.1,34716.84
2021-05-24,39945.35,34467.32,34716.84,106765.14,3981461441.04,38837.76
2021-05-25,39842.9,36509.09,38837.76,66530.67,2529569055.97,38387.36
2021-05-26,40854.81,37855.81,38387.36,66483.59,2607759779.42,39295.08
2021-05-27,40408.95,37211.84,39295.08,46474.62,1804036815.09,38538.84
2021-05-28,38879.6,34733.76,38538.84,85345.66,3104364367.82,35680.92
2021-05-29,37307.1,33666.06,35680.92,60616.25,2127790128.94,34611.58
2021-05-30,36481.62,33400.65,34611.58,37522.16,1325408340.1,35662.59
2021-05-31,37512.8,34202.86,35662.59,50306.62,1821662523.97,37290.83
2021-06-01,37910.19,35733.52,37290.83,44444.78,1626268789.21,36683.51
2021-06-02,38225.18,35935.34,36683.51,39948.44,1494571249.19,37576.98
2021-06-03,39482.46,37199.92,37576.98,41098.93,1586641442.02,39229.66
2021-06-04,39273.49,35617.03,39229.66,49661.48,1837944242.33,36861.5
2021-06-05,37911.76,34846.16,36861.5,39864.17,1444088532.56,35538.4
2021-06-06,36453.81,35264.34,35538.4,27469.69,986275148.28,35798.57
2021-06-07,36790.39,33367.12,35798.57,52209.55,1850311020.63,33582.86
2021-06-08,34061.09,31034.35,33582.86,88483.79,2890313261.68,33409.38
2021-06-09,37528.42,32435.18,33409.38,92280.57,3249553573.38,37391.58
2021-06-10,38387.2,35821.05,37391.58,63052.49,2338112083.52,36680.78
2021-06-11,37665.85,35981.84,36680.78,43119.67,1596038876.7,37339.98
2021-06-12,37445.32,34655.21,37339.98,40619.14,1450138289.51,35541.78
2021-06-13,39374.68,34802.24,35541.78,46353.98,1727291768.5,39017.37
2021-06-14,41025.42,38755.79,39017.37,68729.09,2740589573.6,40526.63
2021-06-15,41307.06,39526.69,40526.63,48248.1,1943860792.12,40161.86
2021-06-16,40487.98,38122.04,40161.86,48107.62,1883613058.48,38345.41
2021-06-17,39537.42,37386.57,38345.41,41591.09,1599770630.8,38082.3
2021-06-18,38201.23,35158.89,38082.3,60242.99,2207651943.63,35830.29
2021-06-19,36443.26,34863.17,35830.29,44782.25,1601193146.33,35515.38
2021-06-20,36139.95,33377.82,35515.38,56525.29,1964614466.35,35602.26
2021-06-21,35760.61,31284.7,35602.26,111039.05,3650731161.39,31652.62
2021-06-22,33312.87,28908.07,31652.62,129940.61,4060734244.07,32537.58
2021-06-23,34831.93,31790.02,32537.58,60338.69,2037061709.14,33678.64
2021-06-24,35267.23,32340.83,33678.64,38755.56,1311147481.02,34649.84
2021-06-25,35494.5,31290.25,34649.84,91636.1,3027434524.39,31593.86
2021-06-26,32680.58,30190.9,31593.86,58331.1,1826363014.48,32307.35
2021-06-27,34754.5,32031.15,32307.35,60403.96,2002954688.79,34713.81
2021-06-28,35292.57,33890.86,34713.81,41259.21,1424168416.33,34487.11
2021-06-29,36624.75,34243.82,34487.11,44215.51,1578253520.29,35901.41
2021-06-30,36090.37,34062.04,35901.41,39796.96,1388243727.19,35056.39
2021-07-01,35065.41,32757.33,35056.39,36889.93,1238732543.23,33543.11
2021-07-02,33968.47,32715.18,33543.11,33082.4,1102040372.36,33804.54
2021-07-03,34944.91,33333.05,33804.54,17319.23,595117204.83,34682.84
2021-07-04,35945.36,34390.95,34682.84,15950.93,563891553.21,35287.97
2021-07-05,35290.8,33151.51,35287.97,31526.39,1072690410.4,33702.79
2021-07-06,35096.65,33558.75,33702.79,32844.8,1123145329.6,34237.66
2021-07-07,35066.82,33807.42,34237.66,21784.2,752074468.65,33880.79
2021-07-08,33934.31,32108.68,33880.79,47884.76,1573967671.27,32874.01
2021-07-09,34076.49,32274.31,32874.01,25677.95,853165387.13,33804.2
2021-07-10,34253.5,33030.16,33804.2,19345.51,651899496.99,33515.13
2021-07-11,34595.69,33335.4,33515.13,15724.2,533337900.01,34249.3
2021-07-12,34658.46,32660.38,34249.3,31074.01,1039311244.06,33088.51
2021-07-13,33335.54,32206.14,33088.51,25562.97,837278173.94,32737.47
2021-07-14,33099.2,31601.99,32737.47,25896.13,838161190.59,32881.58
